{"stats":{"minecraft:custom":{"minecraft:time_since_rest":2002,"minecraft:crouch_one_cm":63,"minecraft:sprint_one_cm":7399,"minecraft:play_time":2002,"minecraft:walk_one_cm":5447,"minecraft:sneak_time":21,"minecraft:mob_kills":2,"minecraft:drop":5,"minecraft:jump":85,"minecraft:damage_dealt":177,"minecraft:leave_game":2,"minecraft:time_since_death":2002,"minecraft:total_world_time":2002,"minecraft:fall_one_cm":1672,"minecraft:fly_one_cm":7992},"minecraft:mined":{"minecraft:grass":8,"minecraft:grass_block":2,"minecraft:dirt":1,"minecraft:tall_grass":1,"minecraft:dandelion":1},"minecraft:picked_up":{"minecraft:wheat_seeds":1,"minecraft:mutton":2,"minecraft:white_wool":2,"minecraft:dirt":3},"minecraft:killed":{"minecraft:sheep":1},"minecraft:dropped":{"minecraft:wheat_seeds":1,"minecraft:mutton":2,"minecraft:white_wool":2},"minecraft:used":{"minecraft:dirt":3}},"DataVersion":3117}